{
    "RMSE_loss": {
        "train": 98.96353612843129,
        "validation": 129.6433848160503,
        "test": 131.52488699268096
    },
    "R_squared": {
        "train": 0.8299537101999884,
        "validation": -0.15352834445988184,
        "test": 0.06001471737374586
    },
    "training_duration": 0.9483602046966553,
    "inference_latency": 0.0002228713035583496
}