{
    "RMSE_loss": {
        "train": 114.10877962512573,
        "validation": 170.38945700157527,
        "test": 163.0090763864853
    },
    "R_squared": {
        "train": 0.7529642966699815,
        "validation": -0.11151323141576519,
        "test": -0.2211556415940914
    },
    "training_duration": 0.5725152492523193,
    "inference_latency": 0.00024729013442993165
}