{
    "RMSE_loss": {
        "train": 207.5919859175385,
        "validation": 160.5371811246152,
        "test": 191.14803756676395
    },
    "R_squared": {
        "train": -1.327988388704362,
        "validation": -2.666561747411606,
        "test": -1.4544743011031147
    },
    "training_duration": 0.41684389114379883,
    "inference_latency": 0.00031203746795654296
}