{
    "RMSE_loss": {
        "train": 231.18963787212874,
        "validation": 137.83746230841962,
        "test": 138.20512735265106
    },
    "R_squared": {
        "train": 0.05565292755019058,
        "validation": -0.42195558364526464,
        "test": -0.0927843374519941
    },
    "training_duration": 0.5826218128204346,
    "inference_latency": 0.0001680898666381836
}