{
    "RMSE_loss": {
        "train": 153.38418123602122,
        "validation": 143.17550282564054,
        "test": 105.04779650607266
    },
    "R_squared": {
        "train": 0.5826329232955008,
        "validation": 0.026671801248365434,
        "test": 0.23405526870006177
    },
    "training_duration": 0.3984808921813965,
    "inference_latency": 0.0001726388931274414
}