{
    "test_accuracy": 0.3888888888888889,
    "test_precision": 0.3850245491754926,
    "test_recall": 0.3888888888888889,
    "test_f1": 0.3668142738780128
}