{
    "RMSE_loss": {
        "train": 204.7279332028796,
        "validation": 95.73052201389108,
        "test": 107.25330371999813
    },
    "R_squared": {
        "train": 0.25154088539499253,
        "validation": 0.4492563673113523,
        "test": 0.31873107170989967
    },
    "training_duration": 0.6755876541137695,
    "inference_latency": 0.0002814483642578125
}