{
    "RMSE_loss": {
        "train": 89.42566259173924,
        "validation": 458.53134122480293,
        "test": 284.02064231392876
    },
    "R_squared": {
        "train": 0.8639872997983953,
        "validation": -13.532424753066643,
        "test": -4.5629174589496975
    },
    "training_duration": 0.8495762348175049,
    "inference_latency": 0.0002801370620727539
}