{
    "RMSE_loss": {
        "train": 131.15213258017081,
        "validation": 1946.221532921762,
        "test": 191.14247641239373
    },
    "R_squared": {
        "train": 0.690209843476963,
        "validation": -360.48786463807596,
        "test": -0.8383945702991744
    },
    "training_duration": 0.2871689796447754,
    "inference_latency": 0.00011269092559814454
}