{
    "RMSE_loss": {
        "train": 210.50646069158478,
        "validation": 131.12109493311263,
        "test": 121.75785435714712
    },
    "R_squared": {
        "train": 0.19374562893652159,
        "validation": 0.18471809994274124,
        "test": 0.1375385807796622
    },
    "training_duration": 0.7011778354644775,
    "inference_latency": 0.000215909481048584
}