{
    "RMSE_loss": {
        "train": 254.14797444694096,
        "validation": 129.8529842785358,
        "test": 125.70921721046021
    },
    "R_squared": {
        "train": -0.10312952047749713,
        "validation": -0.37575553366500114,
        "test": -0.5654592372774585
    },
    "training_duration": 0.40549612045288086,
    "inference_latency": 0.00011490821838378906
}