{
    "RMSE_loss": {
        "train": 205.89502739184232,
        "validation": 180.04204424331695,
        "test": 204.61183954701278
    },
    "R_squared": {
        "train": -1.3861876483568802,
        "validation": -1.3411728070185829,
        "test": -1.3755756526664062
    },
    "training_duration": 0.26983213424682617,
    "inference_latency": 0.00014476776123046876
}