{
    "RMSE_loss": {
        "train": 144.25172732208384,
        "validation": 157.40621070742677,
        "test": 214.97619175349007
    },
    "R_squared": {
        "train": 0.6199713856843363,
        "validation": -0.6782820229701121,
        "test": -1.2078808278680833
    },
    "training_duration": 0.512855052947998,
    "inference_latency": 0.00030356407165527344
}