{
    "RMSE_loss": {
        "train": 197.77750620612815,
        "validation": 141.05400649182508,
        "test": 115.33060000787772
    },
    "R_squared": {
        "train": 0.30115629832072555,
        "validation": -1.0786439684966629,
        "test": 0.3727203447383872
    },
    "training_duration": 0.9669110774993896,
    "inference_latency": 0.00035084009170532226
}