{
    "RMSE_loss": {
        "train": 287.0486353113195,
        "validation": 197.22422069605616,
        "test": 190.1873990168425
    },
    "R_squared": {
        "train": -0.4512226048121226,
        "validation": -1.441179022476026,
        "test": -1.432543760054986
    },
    "training_duration": 0.3433401584625244,
    "inference_latency": 0.00012271881103515626
}