{
    "RMSE_loss": {
        "train": 201.19701448173538,
        "validation": 215.7432857925904,
        "test": 429.36965744492824
    },
    "R_squared": {
        "train": -1.3682763658109365,
        "validation": -1.1688122286970017,
        "test": -0.1603154387949295
    },
    "training_duration": 0.38500285148620605,
    "inference_latency": 0.00016084909439086914
}