{
    "RMSE_loss": {
        "train": 257.823199158159,
        "validation": 154.15337076674646,
        "test": 187.66930810798328
    },
    "R_squared": {
        "train": -0.1923411700485882,
        "validation": -1.0322976592002937,
        "test": -0.6431721824501415
    },
    "training_duration": 0.42116308212280273,
    "inference_latency": 0.00011543035507202148
}