{"validation_RMSE": 47.80852808086505, "test_RMSE": 43.48358378008464, "test_R2": 0.9511525241813765}