{"validation_RMSE": 48.16417994041594, "test_RMSE": 42.506242892285094, "test_R2": 0.9533236480815301}