{"validation_RMSE": 47.476223003720136, "test_RMSE": 39.884238222081656, "test_R2": 0.9589045188524352}