{
    "test_accuracy": 0.3333333333333333,
    "test_precision": 0.32374233474752734,
    "test_recall": 0.3333333333333333,
    "test_f1": 0.32437418946379515
}