{
    "test_accuracy": 0.3072289156626506,
    "test_precision": 0.31014144385715775,
    "test_recall": 0.3072289156626506,
    "test_f1": 0.30659276939347746
}