{
    "RMSE_loss": {
        "train": 141.17507892582302,
        "validation": 1649.3195590341188,
        "test": 272.8717683329021
    },
    "R_squared": {
        "train": 0.6474698068628506,
        "validation": -264.06745115108663,
        "test": -1.4014114771522612
    },
    "training_duration": 0.3597838878631592,
    "inference_latency": 0.00019024848937988282
}