{
    "RMSE_loss": {
        "train": 84.94444207031066,
        "validation": 90.36185034291758,
        "test": 384.66425853837137
    },
    "R_squared": {
        "train": 0.5329508178116523,
        "validation": 0.36521219241282465,
        "test": 0.11320269510666947
    },
    "training_duration": 1.2332472801208496,
    "inference_latency": 0.00039854288101196287
}