{
    "RMSE_loss": {
        "train": 290.45525284671646,
        "validation": 231.42649514748737,
        "test": 175.58889197319687
    },
    "R_squared": {
        "train": -0.46508382122429315,
        "validation": -1.6073568845460162,
        "test": -1.6824995773263662
    },
    "training_duration": 0.31975293159484863,
    "inference_latency": 0.00012270927429199218
}