{
    "RMSE_loss": {
        "train": 215.2157017864973,
        "validation": 95.49585079746267,
        "test": 100.68681056431663
    },
    "R_squared": {
        "train": 0.19007716633777894,
        "validation": 0.3932331853657578,
        "test": 0.11913233550910851
    },
    "training_duration": 0.5734050273895264,
    "inference_latency": 0.00014609813690185546
}