{
    "RMSE_loss": {
        "train": 196.97478216319632,
        "validation": 206.0347345690972,
        "test": 466.428448313172
    },
    "R_squared": {
        "train": -1.4886442600006196,
        "validation": -1.9920111775298759,
        "test": -0.20185634987462642
    },
    "training_duration": 0.29615187644958496,
    "inference_latency": 0.00013858795166015624
}