{
    "RMSE_loss": {
        "train": 183.50476095256636,
        "validation": 172.89549882985676,
        "test": 155.56360485746657
    },
    "R_squared": {
        "train": 0.3882058567046067,
        "validation": -0.24415734795411748,
        "test": -0.8025772386216445
    },
    "training_duration": 0.37009310722351074,
    "inference_latency": 0.0001700901985168457
}