{
    "RMSE_loss": {
        "train": 197.79866444595908,
        "validation": 101.59647428547697,
        "test": 112.22249918317033
    },
    "R_squared": {
        "train": 0.29611724105271786,
        "validation": 0.30664076180892963,
        "test": 0.3255417971786916
    },
    "training_duration": 1.6877038478851318,
    "inference_latency": 0.00044016122817993166
}