{
    "test_accuracy": 0.45454545454545453,
    "test_precision": 0.6162304866850321,
    "test_recall": 0.45454545454545453,
    "test_f1": 0.4118309371516539
}