{
    "test_accuracy": 0.43373493975903615,
    "test_precision": 0.4798874148854717,
    "test_recall": 0.43373493975903615,
    "test_f1": 0.39163276735195607
}