{
    "RMSE_loss": {
        "train": 205.78835587104868,
        "validation": 101.67137753771543,
        "test": 199.9227365407384
    },
    "R_squared": {
        "train": 0.24896502408708332,
        "validation": 0.32072685855647576,
        "test": -0.4050880781640882
    },
    "training_duration": 0.6730151176452637,
    "inference_latency": 0.00023427009582519532
}