{
    "RMSE_loss": {
        "train": 199.80909736702432,
        "validation": 206.54458838756221,
        "test": 170.46301548558122
    },
    "R_squared": {
        "train": -1.3925875324426333,
        "validation": -1.370527359118097,
        "test": -1.7600380238608184
    },
    "training_duration": 0.23665475845336914,
    "inference_latency": 0.00013821840286254883
}