{
    "RMSE_loss": {
        "train": 108.6497118109294,
        "validation": 95.45098886885178,
        "test": 373.4803967691388
    },
    "R_squared": {
        "train": 0.4122868477753081,
        "validation": 0.3991341791501355,
        "test": 0.0848135609819004
    },
    "training_duration": 0.3849606513977051,
    "inference_latency": 0.00012432098388671876
}