{
    "RMSE_loss": {
        "train": 245.23620701298094,
        "validation": 167.3034625096215,
        "test": 168.5995664350396
    },
    "R_squared": {
        "train": -0.06923319497539815,
        "validation": -0.6369934857824426,
        "test": -0.6841618390619675
    },
    "training_duration": 0.9948301315307617,
    "inference_latency": 0.00035249710083007813
}