{
    "RMSE_loss": {
        "train": 43.24169097963687,
        "validation": 383.1746305877278,
        "test": 135.3492853193482
    },
    "R_squared": {
        "train": 0.8677942632496154,
        "validation": 0.09815251270499104,
        "test": 0.31675277120105594
    },
    "training_duration": 0.35224008560180664,
    "inference_latency": 0.00017983913421630858
}