{
    "RMSE_loss": {
        "train": 195.6777387476824,
        "validation": 194.3891373476152,
        "test": 187.41536110501988
    },
    "R_squared": {
        "train": -1.3825831435717135,
        "validation": -1.4145643586443994,
        "test": -1.2192808338528445
    },
    "training_duration": 0.22298908233642578,
    "inference_latency": 0.00013952016830444337
}