{
    "RMSE_loss": {
        "train": 183.29657903641413,
        "validation": 116.64053325236401,
        "test": 114.90866645995055
    },
    "R_squared": {
        "train": 0.40517681557646734,
        "validation": 0.31807216612692035,
        "test": -0.08487107989322906
    },
    "training_duration": 0.30927300453186035,
    "inference_latency": 0.00011708259582519531
}