{
    "RMSE_loss": {
        "train": 119.43348237260659,
        "validation": 116.78094198737367,
        "test": 440.56735142975964
    },
    "R_squared": {
        "train": 0.7529710016630939,
        "validation": -0.08309962648797464,
        "test": -4.479704538444824
    },
    "training_duration": 0.6204931735992432,
    "inference_latency": 0.0002515721321105957
}