{
    "RMSE_loss": {
        "train": 109.34592196669128,
        "validation": 108.42309957815915,
        "test": 649.5600267510806
    },
    "R_squared": {
        "train": 0.3522977244113382,
        "validation": 0.24971090466139723,
        "test": 0.06525976997371563
    },
    "training_duration": 0.37383604049682617,
    "inference_latency": 0.00012194156646728515
}