{
    "RMSE_loss": {
        "train": 97.68753680639684,
        "validation": 126.27023094917635,
        "test": 391.04530950010286
    },
    "R_squared": {
        "train": 0.34440977290550856,
        "validation": 0.24599888788270485,
        "test": 0.05248343437492076
    },
    "training_duration": 0.3776741027832031,
    "inference_latency": 0.00027050018310546874
}