{
    "RMSE_loss": {
        "train": 129.48294296752468,
        "validation": 119.6444113038716,
        "test": 401.7787942939135
    },
    "R_squared": {
        "train": 0.014807007043051046,
        "validation": 0.09321762352177088,
        "test": -0.01576398459377648
    },
    "training_duration": 1.5783343315124512,
    "inference_latency": 0.0004197597503662109
}