{
    "RMSE_loss": {
        "train": 202.1561808875955,
        "validation": 152.52667863463265,
        "test": 121.86292141001435
    },
    "R_squared": {
        "train": 0.27372282344818877,
        "validation": 0.2178150514252698,
        "test": -0.26251503605999016
    },
    "training_duration": 0.5420217514038086,
    "inference_latency": 0.00017033815383911134
}