{
    "RMSE_loss": {
        "train": 139.15103715635877,
        "validation": 161.75802964999914,
        "test": 3848.254970126611
    },
    "R_squared": {
        "train": 0.652032732825637,
        "validation": -0.2754964769551207,
        "test": -340.2044780001207
    },
    "training_duration": 1.259584903717041,
    "inference_latency": 0.0003111600875854492
}