{
    "RMSE_loss": {
        "train": 85.41319320935584,
        "validation": 469.2421520554446,
        "test": 157.1788578638202
    },
    "R_squared": {
        "train": 0.8757339072110936,
        "validation": -5.91647106662848,
        "test": -2.019485675518185
    },
    "training_duration": 0.3773980140686035,
    "inference_latency": 0.0001269388198852539
}