{
    "RMSE_loss": {
        "train": 143.32767263878893,
        "validation": 201.49568983190022,
        "test": 189.2793350227823
    },
    "R_squared": {
        "train": 0.6278551161942523,
        "validation": -0.33515802248118454,
        "test": -1.2377204545835285
    },
    "training_duration": 0.7324421405792236,
    "inference_latency": 0.0002523684501647949
}