{
    "RMSE_loss": {
        "train": 263.1842883566268,
        "validation": 171.88008893981387,
        "test": 197.36935618382267
    },
    "R_squared": {
        "train": -0.25259892113588145,
        "validation": -1.0542975478178525,
        "test": -0.6159225275260938
    },
    "training_duration": 0.2917139530181885,
    "inference_latency": 0.00017302989959716797
}