{
    "RMSE_loss": {
        "train": 1110.593909116158,
        "validation": 393.50880509526087,
        "test": 329.0931589864284
    },
    "R_squared": {
        "train": -17.069223774593024,
        "validation": -8.589254001366623,
        "test": -6.978150354165585
    },
    "training_duration": 1.4607129096984863,
    "inference_latency": 0.00031579256057739257
}