{
    "RMSE_loss": {
        "train": 207.03518628333447,
        "validation": 112.12439903685103,
        "test": 103.92190984751082
    },
    "R_squared": {
        "train": 0.22754796891183848,
        "validation": 0.21051466242637984,
        "test": 0.400178540144313
    },
    "training_duration": 0.8743331432342529,
    "inference_latency": 0.00021659135818481446
}