{
    "test_accuracy": 0.45454545454545453,
    "test_precision": 0.48007564825746646,
    "test_recall": 0.45454545454545453,
    "test_f1": 0.4480387546177021
}