{
    "test_accuracy": 0.4457831325301205,
    "test_precision": 0.46214377094482884,
    "test_recall": 0.4457831325301205,
    "test_f1": 0.43979723943078425
}