{
    "RMSE_loss": {
        "train": 111.97052010310165,
        "validation": 112.48865104793165,
        "test": 134.30958679173526
    },
    "R_squared": {
        "train": 0.7760987760554614,
        "validation": -0.004162149522539904,
        "test": 0.03859449202888976
    },
    "training_duration": 1.0040960311889648,
    "inference_latency": 0.0003800082206726074
}