{
    "RMSE_loss": {
        "train": 203.45328956146344,
        "validation": 105.30587423518928,
        "test": 105.24199543987498
    },
    "R_squared": {
        "train": 0.25021057811388137,
        "validation": 0.35250294897920975,
        "test": 0.4684256963954285
    },
    "training_duration": 0.9297070503234863,
    "inference_latency": 0.0004356098175048828
}