{
    "RMSE_loss": {
        "train": 53.682830610720046,
        "validation": 371.19353614528586,
        "test": 119.7234660930485
    },
    "R_squared": {
        "train": 0.8428607286859593,
        "validation": 0.09739204748087726,
        "test": 0.2884246700840133
    },
    "training_duration": 1.4956448078155518,
    "inference_latency": 0.00017735958099365234
}