{
    "RMSE_loss": {
        "train": 181.86309268659787,
        "validation": 329.4219981491572,
        "test": 166.29737439830743
    },
    "R_squared": {
        "train": 0.4363162783321931,
        "validation": -6.0477828609870805,
        "test": -1.1187293033747787
    },
    "training_duration": 0.3159177303314209,
    "inference_latency": 0.0001463913917541504
}