{
    "RMSE_loss": {
        "train": 41.94214387244872,
        "validation": 385.18357154616876,
        "test": 225.69229540910618
    },
    "R_squared": {
        "train": 0.9019309772997843,
        "validation": 0.07144412966924762,
        "test": -4.444605249750146
    },
    "training_duration": 0.47980213165283203,
    "inference_latency": 0.00013595819473266602
}