{
    "RMSE_loss": {
        "train": 101.48940963743306,
        "validation": 127.3514299831376,
        "test": 115.97546969214007
    },
    "R_squared": {
        "train": 0.5272109575430564,
        "validation": 0.2993199137235224,
        "test": 0.3923170590893025
    },
    "training_duration": 0.3971278667449951,
    "inference_latency": 0.00016780853271484376
}