{
    "RMSE_loss": {
        "train": 209.6918521344177,
        "validation": 207.6874435750751,
        "test": 153.51512484015214
    },
    "R_squared": {
        "train": -1.3394694317062918,
        "validation": -1.4099431563516593,
        "test": -2.63357341445081
    },
    "training_duration": 0.2604191303253174,
    "inference_latency": 0.00012048006057739257
}