{
    "RMSE_loss": {
        "train": 91.09319083135725,
        "validation": 374.64463717857575,
        "test": 94.7355162220282
    },
    "R_squared": {
        "train": 0.5246802558734408,
        "validation": 0.11710571246051671,
        "test": 0.28334286512405293
    },
    "training_duration": 0.49248480796813965,
    "inference_latency": 0.00015767097473144532
}