{
    "RMSE_loss": {
        "train": 203.22926820135348,
        "validation": 155.43520262006822,
        "test": 99.09432569080121
    },
    "R_squared": {
        "train": 0.25269736360597894,
        "validation": 0.2203170920855213,
        "test": 0.2964026758969327
    },
    "training_duration": 0.6373500823974609,
    "inference_latency": 0.0002110886573791504
}