{
    "RMSE_loss": {
        "train": 224.7365488883595,
        "validation": 179.50855763897442,
        "test": 212.00862996512075
    },
    "R_squared": {
        "train": -1.2602945912272916,
        "validation": -1.8804750697844144,
        "test": -1.5058869985813623
    },
    "training_duration": 0.3512570858001709,
    "inference_latency": 0.00018232107162475587
}