{
    "RMSE_loss": {
        "train": 129.59747778325217,
        "validation": 176.96567077490622,
        "test": 129.0188031354345
    },
    "R_squared": {
        "train": 0.6965096578051034,
        "validation": -1.1042071673319294,
        "test": 0.27036868853178564
    },
    "training_duration": 0.822227954864502,
    "inference_latency": 0.00021570920944213867
}