{
    "RMSE_loss": {
        "train": 219.13555591892825,
        "validation": 92.62710949155445,
        "test": 121.4030324541463
    },
    "R_squared": {
        "train": 0.1327333076899586,
        "validation": 0.2550499795541926,
        "test": 0.33348379889838997
    },
    "training_duration": 0.4630270004272461,
    "inference_latency": 0.00014142990112304689
}