{
    "RMSE_loss": {
        "train": 208.91586902873428,
        "validation": 132.3453340125591,
        "test": 120.29729476428041
    },
    "R_squared": {
        "train": 0.2322870744405925,
        "validation": -0.4250320164988779,
        "test": 0.09998008501820221
    },
    "training_duration": 0.38364601135253906,
    "inference_latency": 0.0001392388343811035
}