{
    "RMSE_loss": {
        "train": 157.52551968182752,
        "validation": 127.64662091386974,
        "test": 144.16751979215303
    },
    "R_squared": {
        "train": 0.5629487228189354,
        "validation": 0.1985236488441111,
        "test": -0.9255387207996608
    },
    "training_duration": 0.5941686630249023,
    "inference_latency": 0.00023640155792236327
}