{
    "RMSE_loss": {
        "train": 187.2338774312879,
        "validation": 160.2333747226214,
        "test": 220.78805353400202
    },
    "R_squared": {
        "train": 0.469331095386193,
        "validation": 0.0645742408100487,
        "test": -2.909563424742061
    },
    "training_duration": 0.5027902126312256,
    "inference_latency": 0.00018224239349365234
}