{
    "RMSE_loss": {
        "train": 37.0198030831135,
        "validation": 97.1554961373133,
        "test": 377.8900518352417
    },
    "R_squared": {
        "train": 0.9222430511233433,
        "validation": 0.28753699923984344,
        "test": 0.1167901786460952
    },
    "training_duration": 0.707780122756958,
    "inference_latency": 0.00022067070007324217
}