{
    "RMSE_loss": {
        "train": 51.92584516400377,
        "validation": 420.96429712402573,
        "test": 110.10518393766897
    },
    "R_squared": {
        "train": 0.8447283533463681,
        "validation": -0.1497345889819326,
        "test": 0.2245742626131807
    },
    "training_duration": 0.48752903938293457,
    "inference_latency": 0.00012814998626708984
}