{
    "RMSE_loss": {
        "train": 213.09621948101818,
        "validation": 122.35172786887809,
        "test": 101.64863454862028
    },
    "R_squared": {
        "train": 0.20422004284956052,
        "validation": -0.6223064208786766,
        "test": 0.33117947827510263
    },
    "training_duration": 0.7348589897155762,
    "inference_latency": 0.00024545907974243163
}