{
    "RMSE_loss": {
        "train": 132.80508050799787,
        "validation": 93.33076967624008,
        "test": 669.191107200125
    },
    "R_squared": {
        "train": 0.05341979418514886,
        "validation": -0.09384289598587991,
        "test": 0.015299736562010557
    },
    "training_duration": 0.3949439525604248,
    "inference_latency": 0.00011996984481811523
}