{
    "RMSE_loss": {
        "train": 283.92900372246146,
        "validation": 198.3512378122876,
        "test": 226.23715433146697
    },
    "R_squared": {
        "train": -0.46777549407713415,
        "validation": -1.3208783756179732,
        "test": -1.2602981595778133
    },
    "training_duration": 0.36001110076904297,
    "inference_latency": 0.0001550889015197754
}