{
    "RMSE_loss": {
        "train": 57.51815228079632,
        "validation": 127.47058101161028,
        "test": 92.24707555916746
    },
    "R_squared": {
        "train": 0.83902561728864,
        "validation": -0.5991416549383877,
        "test": 0.2751404725089446
    },
    "training_duration": 0.25890088081359863,
    "inference_latency": 0.00011772871017456055
}