{
    "RMSE_loss": {
        "train": 47.7630192521247,
        "validation": 433.73253034284176,
        "test": 137.0685251943652
    },
    "R_squared": {
        "train": 0.8524093661739335,
        "validation": -0.18456988115796413,
        "test": 0.265479629917847
    },
    "training_duration": 0.45682406425476074,
    "inference_latency": 0.0003250718116760254
}