{
    "RMSE_loss": {
        "train": 82.56350484988262,
        "validation": 101.05564067888953,
        "test": 375.9982369023103
    },
    "R_squared": {
        "train": 0.599118886229933,
        "validation": 0.2919347677259544,
        "test": 0.11467294104994252
    },
    "training_duration": 0.5103809833526611,
    "inference_latency": 0.0003003096580505371
}