{
    "RMSE_loss": {
        "train": 21.366586167944853,
        "validation": 125.16228918013805,
        "test": 393.9829023495182
    },
    "R_squared": {
        "train": 0.9658007754161633,
        "validation": 0.5187906178332368,
        "test": 0.08003097418926353
    },
    "training_duration": 0.700098991394043,
    "inference_latency": 0.0002247500419616699
}