{
    "RMSE_loss": {
        "train": 169.32660074396054,
        "validation": 100.00819790615917,
        "test": 116.3930095937538
    },
    "R_squared": {
        "train": 0.48395485849900877,
        "validation": 0.08700798025864442,
        "test": 0.41833836429017224
    },
    "training_duration": 0.36510586738586426,
    "inference_latency": 0.00013529062271118165
}