{
    "RMSE_loss": {
        "train": 50.71753952504081,
        "validation": 376.5963643140801,
        "test": 91.28041106398686
    },
    "R_squared": {
        "train": 0.8554461661534478,
        "validation": 0.10352589031699544,
        "test": 0.21805153730764604
    },
    "training_duration": 0.7372422218322754,
    "inference_latency": 0.00021986007690429687
}