{
    "RMSE_loss": {
        "train": 208.44930604938838,
        "validation": 90.31182417567203,
        "test": 112.40830030101202
    },
    "R_squared": {
        "train": 0.2271158986179984,
        "validation": 0.46017705779766016,
        "test": 0.16138210005841236
    },
    "training_duration": 0.5449929237365723,
    "inference_latency": 0.00020787954330444335
}