{
    "RMSE_loss": {
        "train": 165.7951738192468,
        "validation": 161.1249757563985,
        "test": 124.70138550503358
    },
    "R_squared": {
        "train": 0.5152187660197928,
        "validation": -0.14674320684285358,
        "test": 0.02463151881387826
    },
    "training_duration": 0.8902339935302734,
    "inference_latency": 0.00021898984909057617
}