{
    "RMSE_loss": {
        "train": 191.34019711974946,
        "validation": 141.61835381764905,
        "test": 144.51832768808396
    },
    "R_squared": {
        "train": 0.4752874815350955,
        "validation": -0.4005284009826158,
        "test": -2.3266379730751163
    },
    "training_duration": 0.38076210021972656,
    "inference_latency": 0.00012561798095703125
}