{"validation_RMSE": 89.88864958304121, "test_RMSE": 83.26975500766494, "test_R2": 0.8208709427520455}