{"validation_RMSE": 89.45924415515265, "test_RMSE": 81.87747070711582, "test_R2": 0.8268110006065421}