{"validation_RMSE": 89.88667530052976, "test_RMSE": 83.54911382356516, "test_R2": 0.8196670188975337}