{
    "RMSE_loss": {
        "train": 191.8531835622457,
        "validation": 125.41647221918758,
        "test": 101.26718764866946
    },
    "R_squared": {
        "train": 0.3454871304058058,
        "validation": 0.2764952476380551,
        "test": 0.3773769356397989
    },
    "training_duration": 0.3241159915924072,
    "inference_latency": 0.000154721736907959
}