{
    "RMSE_loss": {
        "train": 103.23128927598641,
        "validation": 104.12251303802731,
        "test": 375.983356946183
    },
    "R_squared": {
        "train": 0.45483888884443224,
        "validation": -0.2094862118013867,
        "test": 0.09773357925474824
    },
    "training_duration": 0.3398590087890625,
    "inference_latency": 0.000176389217376709
}