{
    "RMSE_loss": {
        "train": 28.514503256656937,
        "validation": 380.6997425075469,
        "test": 139.90617729039135
    },
    "R_squared": {
        "train": 0.9484738411128523,
        "validation": 0.11071309949128472,
        "test": 0.13621076424493406
    },
    "training_duration": 0.6132428646087646,
    "inference_latency": 0.0001838994026184082
}