{
    "RMSE_loss": {
        "train": 89.15806874080948,
        "validation": 135.70758694209337,
        "test": 373.32762374144977
    },
    "R_squared": {
        "train": 0.4999664473020128,
        "validation": -0.14587607383443868,
        "test": 0.14104932987543295
    },
    "training_duration": 0.7215611934661865,
    "inference_latency": 0.00028723955154418945
}