{
    "RMSE_loss": {
        "train": 177.8107503078108,
        "validation": 112.87529848382462,
        "test": 115.87455262746253
    },
    "R_squared": {
        "train": 0.4467920509376173,
        "validation": -0.4026725249622072,
        "test": 0.42691185056337
    },
    "training_duration": 0.4938371181488037,
    "inference_latency": 0.0001483011245727539
}