{
    "RMSE_loss": {
        "train": 38.170633063246946,
        "validation": 373.8096850859572,
        "test": 115.06919411203744
    },
    "R_squared": {
        "train": 0.9237690462619933,
        "validation": 0.09131765953130033,
        "test": -0.2450348032481675
    },
    "training_duration": 0.3988480567932129,
    "inference_latency": 0.0001469278335571289
}