{
    "RMSE_loss": {
        "train": 140.58904859256262,
        "validation": 325.1915501221293,
        "test": 169.279426063954
    },
    "R_squared": {
        "train": 0.6571709301968712,
        "validation": -5.186074057824142,
        "test": -2.1032240946903857
    },
    "training_duration": 1.1747190952301025,
    "inference_latency": 0.00041195154190063474
}