{
    "RMSE_loss": {
        "train": 288.47779715798754,
        "validation": 210.40716201718277,
        "test": 195.2573588828771
    },
    "R_squared": {
        "train": -0.44568111076665207,
        "validation": -1.8658382316080941,
        "test": -1.3344334488433773
    },
    "training_duration": 0.2621791362762451,
    "inference_latency": 0.0001406717300415039
}