{
    "RMSE_loss": {
        "train": 212.58987059738004,
        "validation": 116.89689731923848,
        "test": 95.90735564014585
    },
    "R_squared": {
        "train": 0.21173798540023858,
        "validation": -0.18597907603539876,
        "test": 0.3076018933841894
    },
    "training_duration": 0.6471660137176514,
    "inference_latency": 0.00019181013107299804
}