{
    "RMSE_loss": {
        "train": 188.43727148747547,
        "validation": 232.12176545381485,
        "test": 105.9253903169683
    },
    "R_squared": {
        "train": 0.35675527695056874,
        "validation": -3.117460444942954,
        "test": 0.436267963024098
    },
    "training_duration": 0.3000047206878662,
    "inference_latency": 0.00010783910751342773
}