{"validation_RMSE": 143.43563601694734, "test_RMSE": 135.418911301807, "test_R2": 0.5262490407120448}