{"validation_RMSE": 143.13148614798348, "test_RMSE": 135.418911301807, "test_R2": 0.5262490407120448}