{
    "RMSE_loss": {
        "train": 213.15080155736092,
        "validation": 100.77819116805067,
        "test": 116.9474624965202
    },
    "R_squared": {
        "train": 0.19495288808347533,
        "validation": 0.2857769587096243,
        "test": 0.18833085160999408
    },
    "training_duration": 1.1897969245910645,
    "inference_latency": 0.0003575992584228516
}