{
    "RMSE_loss": {
        "train": 164.886342852058,
        "validation": 147.14533299917295,
        "test": 209.54027447630244
    },
    "R_squared": {
        "train": 0.5041688969982578,
        "validation": -0.2835309072482812,
        "test": -1.3927218256680365
    },
    "training_duration": 0.7502560615539551,
    "inference_latency": 0.00018757104873657227
}