{
    "RMSE_loss": {
        "train": 197.3133827765549,
        "validation": 439.35332005545376,
        "test": 190.70868381731685
    },
    "R_squared": {
        "train": -1.4039956365881663,
        "validation": -0.1871663067871605,
        "test": -1.2334817628335628
    },
    "training_duration": 0.3888821601867676,
    "inference_latency": 0.000209810733795166
}