{
    "RMSE_loss": {
        "train": 92.1466460178375,
        "validation": 396.9528484385312,
        "test": 101.90694076863909
    },
    "R_squared": {
        "train": 0.5249441430014063,
        "validation": -0.009495856568356942,
        "test": 0.2012127190569889
    },
    "training_duration": 0.6678719520568848,
    "inference_latency": 0.00025838851928710937
}