{
    "RMSE_loss": {
        "train": 150.93408440046542,
        "validation": 141.19862404532017,
        "test": 469.0149466512679
    },
    "R_squared": {
        "train": -0.18289047302297967,
        "validation": -0.9641298023756186,
        "test": -0.18876287178255202
    },
    "training_duration": 1.640136957168579,
    "inference_latency": 0.00040693044662475585
}