{
    "RMSE_loss": {
        "train": 215.0070160638395,
        "validation": 94.97330011311074,
        "test": 113.24794912832124
    },
    "R_squared": {
        "train": 0.19095669508379043,
        "validation": 0.4401232899222185,
        "test": 0.21695485013571847
    },
    "training_duration": 0.4898409843444824,
    "inference_latency": 0.00015475988388061524
}