{
    "RMSE_loss": {
        "train": 286.0428494452361,
        "validation": 218.12882637522566,
        "test": 228.33069636174997
    },
    "R_squared": {
        "train": -0.5073755534586766,
        "validation": -1.277641787340139,
        "test": -1.4671846862053592
    },
    "training_duration": 1.697490930557251,
    "inference_latency": 0.0004295182228088379
}