{
    "RMSE_loss": {
        "train": 84.16685223677693,
        "validation": 310.03856551947695,
        "test": 134.48145008389324
    },
    "R_squared": {
        "train": 0.8775082128381668,
        "validation": -7.6439540121995755,
        "test": -0.14254153325258567
    },
    "training_duration": 0.6307930946350098,
    "inference_latency": 0.00029015064239501954
}